{"cameraMode":{"drawMode":0,"name":"Shaded","section":"Shading Mode"},"sceneLighting":false,"audioPlay":false,"sceneViewState":{"showFog":true,"showMaterialUpdate":false,"showSkybox":false,"showFlares":true,"showImageEffects":true,"showParticleSystems":true},"in2DMode":false,"pivot":{"x":-0.9940000176429749,"y":0.18299999833106996,"z":5.991000175476074},"rotation":{"x":-0.12375114858150482,"y":0.15913741290569306,"z":-0.020100928843021394,"w":-0.9792904853820801},"size":0.4330126643180847,"orthographic":false}