{"cameraMode":{"drawMode":0,"name":"Shaded","section":"Shading Mode"},"sceneLighting":true,"audioPlay":false,"sceneViewState":{"showFog":true,"showMaterialUpdate":false,"showSkybox":true,"showFlares":true,"showImageEffects":true,"showParticleSystems":true},"in2DMode":false,"pivot":{"x":-20.75918197631836,"y":1.2566463947296143,"z":-16.143800735473634},"rotation":{"x":0.2455662339925766,"y":0.001168381655588746,"z":-0.00029210728826001287,"w":0.9694053530693054},"size":0.5049751996994019,"orthographic":false}